,instance_ids,source
0,0,seen
1,1,seen
2,2,seen
3,3,seen
4,4,seen
5,5,seen
6,6,seen
7,7,seen
8,8,seen
9,9,seen
10,10,seen
11,11,seen
12,12,seen
13,13,seen
14,14,seen
15,15,seen
16,16,seen
17,17,seen
18,18,seen
19,19,seen
20,20,seen
21,21,seen
22,22,seen
23,23,seen
24,24,seen
25,25,seen
26,26,seen
27,27,seen
28,28,seen
29,29,seen
30,30,seen
31,31,seen
32,32,seen
33,33,seen
34,34,seen
35,35,seen
36,36,seen
37,37,seen
38,38,seen
39,39,seen
40,40,seen
41,41,seen
42,42,seen
43,43,seen
44,44,seen
45,45,seen
46,46,seen
47,47,seen
48,48,seen
49,49,seen
50,50,unseen
51,51,unseen
52,52,unseen
53,53,unseen
54,54,unseen
55,55,unseen
56,56,unseen
57,57,unseen
58,58,unseen
59,59,unseen
60,60,unseen
61,61,unseen
62,62,unseen
63,63,unseen
64,64,unseen
65,65,unseen
66,66,unseen
67,67,unseen
68,68,unseen
69,69,unseen
70,70,unseen
71,71,unseen
72,72,unseen
73,73,unseen
74,74,unseen
75,75,unseen
76,76,unseen
77,77,unseen
78,78,unseen
79,79,unseen
80,80,unseen
81,81,unseen
82,82,unseen
83,83,unseen
84,84,unseen
85,85,unseen
86,86,unseen
87,87,unseen
88,88,unseen
89,89,unseen
90,90,unseen
91,91,unseen
92,92,unseen
93,93,unseen
94,94,unseen
95,95,unseen
96,96,unseen
97,97,unseen
98,98,unseen
99,99,unseen
100,100,seen
101,101,seen
102,102,seen
103,103,seen
104,104,seen
105,105,seen
106,106,seen
107,107,seen
108,108,seen
109,109,seen
110,110,seen
111,111,seen
112,112,seen
113,113,seen
114,114,seen
115,115,seen
116,116,seen
117,117,seen
118,118,seen
119,119,seen
120,120,seen
121,121,seen
122,122,seen
123,123,seen
124,124,seen
125,125,seen
126,126,seen
127,127,seen
128,128,seen
129,129,seen
130,130,seen
131,131,seen
132,132,seen
133,133,seen
134,134,seen
135,135,seen
136,136,seen
137,137,seen
138,138,seen
139,139,seen
140,140,seen
141,141,seen
142,142,seen
143,143,seen
144,144,seen
145,145,seen
146,146,seen
147,147,seen
148,148,seen
149,149,seen
150,150,seen
151,151,seen
152,152,seen
153,153,seen
154,154,seen
155,155,seen
156,156,seen
157,157,seen
158,158,seen
159,159,seen
160,160,seen
161,161,seen
162,162,seen
163,163,seen
164,164,seen
165,165,seen
166,166,seen
167,167,seen
168,168,seen
169,169,seen
170,170,seen
171,171,seen
172,172,seen
173,173,seen
174,174,seen
175,175,seen
176,176,seen
177,177,seen
178,178,seen
179,179,seen
180,180,seen
181,181,seen
182,182,seen
183,183,seen
184,184,seen
185,185,seen
186,186,seen
187,187,seen
188,188,seen
189,189,seen
190,190,seen
191,191,seen
192,192,seen
193,193,seen
194,194,seen
195,195,seen
196,196,seen
197,197,seen
198,198,seen
199,199,seen
200,200,unseen
201,201,unseen
202,202,unseen
203,203,unseen
204,204,unseen
205,205,unseen
206,206,unseen
207,207,unseen
208,208,unseen
209,209,unseen
210,210,unseen
211,211,unseen
212,212,unseen
213,213,unseen
214,214,unseen
215,215,unseen
216,216,unseen
217,217,unseen
218,218,unseen
219,219,unseen
220,220,unseen
221,221,unseen
222,222,unseen
223,223,unseen
224,224,unseen
225,225,unseen
226,226,unseen
227,227,unseen
228,228,unseen
229,229,unseen
230,230,unseen
231,231,unseen
232,232,unseen
233,233,unseen
234,234,unseen
235,235,unseen
236,236,unseen
237,237,unseen
238,238,unseen
239,239,unseen
240,240,unseen
241,241,unseen
242,242,unseen
243,243,unseen
244,244,unseen
245,245,unseen
246,246,unseen
247,247,unseen
248,248,unseen
249,249,unseen
250,250,seen
251,251,seen
252,252,seen
253,253,seen
254,254,seen
255,255,seen
256,256,seen
257,257,seen
258,258,seen
259,259,seen
260,260,seen
261,261,seen
262,262,seen
263,263,seen
264,264,seen
265,265,seen
266,266,seen
267,267,seen
268,268,seen
269,269,seen
270,270,seen
271,271,seen
272,272,seen
273,273,seen
274,274,seen
275,275,seen
276,276,seen
277,277,seen
278,278,seen
279,279,seen
280,280,seen
281,281,seen
282,282,seen
283,283,seen
284,284,seen
285,285,seen
286,286,seen
287,287,seen
288,288,seen
289,289,seen
290,290,seen
291,291,seen
292,292,seen
293,293,seen
294,294,seen
295,295,seen
296,296,seen
297,297,seen
298,298,seen
299,299,seen
300,300,seen
301,301,seen
302,302,seen
303,303,seen
304,304,seen
305,305,seen
306,306,seen
307,307,seen
308,308,seen
309,309,seen
310,310,seen
311,311,seen
312,312,seen
313,313,seen
314,314,seen
315,315,seen
316,316,seen
317,317,seen
318,318,seen
319,319,seen
320,320,seen
321,321,seen
322,322,seen
323,323,seen
324,324,seen
325,325,seen
326,326,seen
327,327,seen
328,328,seen
329,329,seen
330,330,seen
331,331,seen
332,332,seen
333,333,seen
334,334,seen
335,335,seen
336,336,seen
337,337,seen
338,338,seen
339,339,seen
340,340,seen
341,341,seen
342,342,seen
343,343,seen
344,344,seen
345,345,seen
346,346,seen
347,347,seen
348,348,seen
349,349,seen
350,350,unseen
351,351,unseen
352,352,unseen
353,353,unseen
354,354,unseen
355,355,unseen
356,356,unseen
357,357,unseen
358,358,unseen
359,359,unseen
360,360,unseen
361,361,unseen
362,362,unseen
363,363,unseen
364,364,unseen
365,365,unseen
366,366,unseen
367,367,unseen
368,368,unseen
369,369,unseen
370,370,unseen
371,371,unseen
372,372,unseen
373,373,unseen
374,374,unseen
375,375,unseen
376,376,unseen
377,377,unseen
378,378,unseen
379,379,unseen
380,380,unseen
381,381,unseen
382,382,unseen
383,383,unseen
384,384,unseen
385,385,unseen
386,386,unseen
387,387,unseen
388,388,unseen
389,389,unseen
390,390,unseen
391,391,unseen
392,392,unseen
393,393,unseen
394,394,unseen
395,395,unseen
396,396,unseen
397,397,unseen
398,398,unseen
399,399,unseen
400,400,unseen
401,401,unseen
402,402,unseen
403,403,unseen
404,404,unseen
405,405,unseen
406,406,unseen
407,407,unseen
408,408,unseen
409,409,unseen
410,410,unseen
411,411,unseen
412,412,unseen
413,413,unseen
414,414,unseen
415,415,unseen
416,416,unseen
417,417,unseen
418,418,unseen
419,419,unseen
420,420,unseen
421,421,unseen
422,422,unseen
423,423,unseen
424,424,unseen
425,425,unseen
426,426,unseen
427,427,unseen
428,428,unseen
429,429,unseen
430,430,unseen
431,431,unseen
432,432,unseen
433,433,unseen
434,434,unseen
435,435,unseen
436,436,unseen
437,437,unseen
438,438,unseen
439,439,unseen
440,440,unseen
441,441,unseen
442,442,unseen
443,443,unseen
444,444,unseen
445,445,unseen
446,446,unseen
447,447,unseen
448,448,unseen
449,449,unseen
